image_link,player_name
https://cdn.nba.com/headshots/nba/latest/260x190/1630173.png,Precious Achiuwa
https://cdn.nba.com/headshots/nba/latest/260x190/203500.png,Steven Adams
https://cdn.nba.com/headshots/nba/latest/260x190/1628389.png,Bam Adebayo
https://cdn.nba.com/headshots/nba/latest/260x190/1630534.png,Ochai Agbaji
https://cdn.nba.com/headshots/nba/latest/260x190/1630583.png,Santi Aldama
https://cdn.nba.com/headshots/nba/latest/260x190/1641725.png,Trey Alexander
https://cdn.nba.com/headshots/nba/latest/260x190/1629638.png,Nickeil Alexander-Walker
https://cdn.nba.com/headshots/nba/latest/260x190/1628960.png,Grayson Allen
https://cdn.nba.com/headshots/nba/latest/260x190/1628386.png,Jarrett Allen
https://cdn.nba.com/headshots/nba/latest/260x190/1630631.png,Jose Alvarado
https://cdn.nba.com/headshots/nba/latest/260x190/203937.png,Kyle Anderson
https://cdn.nba.com/headshots/nba/latest/260x190/203507.png,Giannis Antetokounmpo
https://cdn.nba.com/headshots/nba/latest/260x190/1630175.png,Cole Anthony
https://cdn.nba.com/headshots/nba/latest/260x190/1628384.png,OG Anunoby
https://cdn.nba.com/headshots/nba/latest/260x190/1630166.png,Deni Avdija
https://cdn.nba.com/headshots/nba/latest/260x190/1629028.png,Deandre Ayton
https://cdn.nba.com/headshots/nba/latest/260x190/1628963.png,Marvin Bagley III
https://cdn.nba.com/headshots/nba/latest/260x190/1631116.png,Patrick Baldwin Jr.
https://cdn.nba.com/headshots/nba/latest/260x190/1630163.png,LaMelo Ball
https://cdn.nba.com/headshots/nba/latest/260x190/1628366.png,Lonzo Ball
https://cdn.nba.com/headshots/nba/latest/260x190/1628964.png,Mo Bamba
https://cdn.nba.com/headshots/nba/latest/260x190/1631094.png,Paolo Banchero
https://cdn.nba.com/headshots/nba/latest/260x190/1630217.png,Desmond Bane
https://cdn.nba.com/headshots/nba/latest/260x190/1630625.png,Dalano Banton
https://cdn.nba.com/headshots/nba/latest/260x190/1631230.png,Dominick Barlow
https://cdn.nba.com/headshots/nba/latest/260x190/203084.png,Harrison Barnes
https://cdn.nba.com/headshots/nba/latest/260x190/1630567.png,Scottie Barnes
https://cdn.nba.com/headshots/nba/latest/260x190/1629628.png,RJ Barrett
https://cdn.nba.com/headshots/nba/latest/260x190/1629646.png,Charles Bassey
https://cdn.nba.com/headshots/nba/latest/260x190/1641734.png,Emoni Bates
https://cdn.nba.com/headshots/nba/latest/260x190/1642419.png,Jamison Battle
https://cdn.nba.com/headshots/nba/latest/260x190/201587.png,Nicolas Batum
https://cdn.nba.com/headshots/nba/latest/260x190/203078.png,Bradley Beal
https://cdn.nba.com/headshots/nba/latest/260x190/1627736.png,Malik Beasley
https://cdn.nba.com/headshots/nba/latest/260x190/1630699.png,MarJon Beauchamp
https://cdn.nba.com/headshots/nba/latest/260x190/1641736.png,Reece Beekman
https://cdn.nba.com/headshots/nba/latest/260x190/1630180.png,Saddiq Bey
https://cdn.nba.com/headshots/nba/latest/260x190/1629048.png,Goga Bitadze
https://cdn.nba.com/headshots/nba/latest/260x190/1641710.png,Anthony Black
https://cdn.nba.com/headshots/nba/latest/260x190/203992.png,Bogdan Bogdanović
https://cdn.nba.com/headshots/nba/latest/260x190/202711.png,Bojan Bogdanović
https://cdn.nba.com/headshots/nba/latest/260x190/1629626.png,Bol Bol
https://cdn.nba.com/headshots/nba/latest/260x190/1641737.png,Adem Bona
https://cdn.nba.com/headshots/nba/latest/260x190/1626164.png,Devin Booker
https://cdn.nba.com/headshots/nba/latest/260x190/1630527.png,Brandon Boston Jr.
https://cdn.nba.com/headshots/nba/latest/260x190/1628449.png,Chris Boucher
https://cdn.nba.com/headshots/nba/latest/260x190/1631103.png,Malaki Branham
https://cdn.nba.com/headshots/nba/latest/260x190/1631128.png,Christian Braun
https://cdn.nba.com/headshots/nba/latest/260x190/1641779.png,Jalen Bridges
https://cdn.nba.com/headshots/nba/latest/260x190/1628969.png,Mikal Bridges
https://cdn.nba.com/headshots/nba/latest/260x190/1628970.png,Miles Bridges
https://cdn.nba.com/headshots/nba/latest/260x190/1627763.png,Malcolm Brogdon
https://cdn.nba.com/headshots/nba/latest/260x190/1628415.png,Dillon Brooks
https://cdn.nba.com/headshots/nba/latest/260x190/1628971.png,Bruce Brown
https://cdn.nba.com/headshots/nba/latest/260x190/1627759.png,Jaylen Brown
https://cdn.nba.com/headshots/nba/latest/260x190/1641738.png,Kobe Brown
https://cdn.nba.com/headshots/nba/latest/260x190/1629650.png,Moses Brown
https://cdn.nba.com/headshots/nba/latest/260x190/1628973.png,Jalen Brunson
https://cdn.nba.com/headshots/nba/latest/260x190/1628418.png,Thomas Bryant
https://cdn.nba.com/headshots/nba/latest/260x190/1641723.png,Kobe Bufkin
https://cdn.nba.com/headshots/nba/latest/260x190/1642486.png,Boo Buie III
https://cdn.nba.com/headshots/nba/latest/260x190/202692.png,Alec Burks
https://cdn.nba.com/headshots/nba/latest/260x190/1630215.png,Jared Butler
https://cdn.nba.com/headshots/nba/latest/260x190/202710.png,Jimmy Butler
https://cdn.nba.com/headshots/nba/latest/260x190/1641824.png,Matas Buzelis
https://cdn.nba.com/headshots/nba/latest/260x190/1631288.png,Jamal Cain
https://cdn.nba.com/headshots/nba/latest/260x190/203484.png,Kentavious Caldwell-Pope
https://cdn.nba.com/headshots/nba/latest/260x190/1641739.png,Toumani Camara
https://cdn.nba.com/headshots/nba/latest/260x190/1628427.png,Vlatko Čančar
https://cdn.nba.com/headshots/nba/latest/260x190/203991.png,Clint Capela
https://cdn.nba.com/headshots/nba/latest/260x190/1642382.png,Branden Carlson
https://cdn.nba.com/headshots/nba/latest/260x190/1642267.png,Carlton Carrington
https://cdn.nba.com/headshots/nba/latest/260x190/1642269.png,Devin Carter
https://cdn.nba.com/headshots/nba/latest/260x190/1628975.png,Jevon Carter
https://cdn.nba.com/headshots/nba/latest/260x190/1628976.png,Wendell Carter Jr.
https://cdn.nba.com/headshots/nba/latest/260x190/1630618.png,D.J. Carton
https://cdn.nba.com/headshots/nba/latest/260x190/1627936.png,Alex Caruso
https://cdn.nba.com/headshots/nba/latest/260x190/1642264.png,Stephon Castle
https://cdn.nba.com/headshots/nba/latest/260x190/1630658.png,Colin Castleton
https://cdn.nba.com/headshots/nba/latest/260x190/1630577.png,Julian Champagnie
https://cdn.nba.com/headshots/nba/latest/260x190/1630551.png,Justin Champagnie
https://cdn.nba.com/headshots/nba/latest/260x190/1642279.png,Ulrich Chomche
https://cdn.nba.com/headshots/nba/latest/260x190/1642353.png,Cam Christie
https://cdn.nba.com/headshots/nba/latest/260x190/1631108.png,Max Christie
https://cdn.nba.com/headshots/nba/latest/260x190/1630528.png,Josh Christopher
https://cdn.nba.com/headshots/nba/latest/260x190/1631321.png,Sidy Cissoko
https://cdn.nba.com/headshots/nba/latest/260x190/1641740.png,Jaylen Clark
https://cdn.nba.com/headshots/nba/latest/260x190/1629634.png,Brandon Clarke
https://cdn.nba.com/headshots/nba/latest/260x190/203903.png,Jordan Clarkson
https://cdn.nba.com/headshots/nba/latest/260x190/1629651.png,Nic Claxton
https://cdn.nba.com/headshots/nba/latest/260x190/1642270.png,Donovan Clingan
https://cdn.nba.com/headshots/nba/latest/260x190/1641730.png,Noah Clowney
https://cdn.nba.com/headshots/nba/latest/260x190/1629599.png,Amir Coffey
https://cdn.nba.com/headshots/nba/latest/260x190/1642268.png,Isaiah Collier
https://cdn.nba.com/headshots/nba/latest/260x190/1628381.png,John Collins
https://cdn.nba.com/headshots/nba/latest/260x190/1628380.png,Zach Collins
https://cdn.nba.com/headshots/nba/latest/260x190/201144.png,Mike Conley
https://cdn.nba.com/headshots/nba/latest/260x190/1626192.png,Pat Connaughton
https://cdn.nba.com/headshots/nba/latest/260x190/1641731.png,Bilal Coulibaly
https://cdn.nba.com/headshots/nba/latest/260x190/1641741.png,Ricky Council IV
https://cdn.nba.com/headshots/nba/latest/260x190/1628470.png,Torrey Craig
https://cdn.nba.com/headshots/nba/latest/260x190/1642384.png,Isaiah Crawford
https://cdn.nba.com/headshots/nba/latest/260x190/203109.png,Jae Crowder
https://cdn.nba.com/headshots/nba/latest/260x190/1630595.png,Cade Cunningham
https://cdn.nba.com/headshots/nba/latest/260x190/203552.png,Seth Curry
https://cdn.nba.com/headshots/nba/latest/260x190/201939.png,Stephen Curry
https://cdn.nba.com/headshots/nba/latest/260x190/1641783.png,Tristan da Silva
https://cdn.nba.com/headshots/nba/latest/260x190/1642359.png,Pacome Dadiet
https://cdn.nba.com/headshots/nba/latest/260x190/1630700.png,Dyson Daniels
https://cdn.nba.com/headshots/nba/latest/260x190/1642368.png,N'Faly Dante
https://cdn.nba.com/headshots/nba/latest/260x190/203076.png,Anthony Davis
https://cdn.nba.com/headshots/nba/latest/260x190/1631098.png,Johnny Davis
https://cdn.nba.com/headshots/nba/latest/260x190/1631120.png,JD Davison
https://cdn.nba.com/headshots/nba/latest/260x190/201942.png,DeMar DeRozan
https://cdn.nba.com/headshots/nba/latest/260x190/1631217.png,Moussa Diabate
https://cdn.nba.com/headshots/nba/latest/260x190/1641711.png,Gradey Dick
https://cdn.nba.com/headshots/nba/latest/260x190/1631172.png,Ousmane Dieng
https://cdn.nba.com/headshots/nba/latest/260x190/1642265.png,Rob Dillingham
https://cdn.nba.com/headshots/nba/latest/260x190/203915.png,Spencer Dinwiddie
https://cdn.nba.com/headshots/nba/latest/260x190/1628978.png,Donte DiVincenzo
https://cdn.nba.com/headshots/nba/latest/260x190/1629029.png,Luka Dončić
https://cdn.nba.com/headshots/nba/latest/260x190/1629652.png,Luguentz Dort
https://cdn.nba.com/headshots/nba/latest/260x190/1630245.png,Ayo Dosunmu
https://cdn.nba.com/headshots/nba/latest/260x190/1630288.png,Jeff Dowtin Jr.
https://cdn.nba.com/headshots/nba/latest/260x190/1628408.png,PJ Dozier
https://cdn.nba.com/headshots/nba/latest/260x190/203083.png,Andre Drummond
https://cdn.nba.com/headshots/nba/latest/260x190/1630537.png,Chris Duarte
https://cdn.nba.com/headshots/nba/latest/260x190/1642505.png,Alex Ducas
https://cdn.nba.com/headshots/nba/latest/260x190/1630561.png,David Duke Jr.
https://cdn.nba.com/headshots/nba/latest/260x190/1627739.png,Kris Dunn
https://cdn.nba.com/headshots/nba/latest/260x190/1642346.png,Ryan Dunn
https://cdn.nba.com/headshots/nba/latest/260x190/201142.png,Kevin Durant
https://cdn.nba.com/headshots/nba/latest/260x190/1631105.png,Jalen Duren
https://cdn.nba.com/headshots/nba/latest/260x190/1631106.png,Tari Eason
https://cdn.nba.com/headshots/nba/latest/260x190/1641744.png,Zach Edey
https://cdn.nba.com/headshots/nba/latest/260x190/1630162.png,Anthony Edwards
https://cdn.nba.com/headshots/nba/latest/260x190/1642399.png,Jesse Edwards
https://cdn.nba.com/headshots/nba/latest/260x190/1642348.png,Justin Edwards
https://cdn.nba.com/headshots/nba/latest/260x190/1630556.png,Kessler Edwards
https://cdn.nba.com/headshots/nba/latest/260x190/1631165.png,Keon Ellis
https://cdn.nba.com/headshots/nba/latest/260x190/203954.png,Joel Embiid
https://cdn.nba.com/headshots/nba/latest/260x190/1629234.png,Drew Eubanks
https://cdn.nba.com/headshots/nba/latest/260x190/203957.png,Danté Exum
https://cdn.nba.com/headshots/nba/latest/260x190/1628981.png,Bruno Fernando
https://cdn.nba.com/headshots/nba/latest/260x190/1642271.png,Kyle Filipowski
https://cdn.nba.com/headshots/nba/latest/260x190/1627827.png,Dorian Finney-Smith
https://cdn.nba.com/headshots/nba/latest/260x190/1641745.png,Adam Flagler
https://cdn.nba.com/headshots/nba/latest/260x190/1642280.png,Trentyn Flowers
https://cdn.nba.com/headshots/nba/latest/260x190/1631323.png,Simone Fontecchio
https://cdn.nba.com/headshots/nba/latest/260x190/1628368.png,De'Aaron Fox
https://cdn.nba.com/headshots/nba/latest/260x190/1642402.png,Enrique Freeman
https://cdn.nba.com/headshots/nba/latest/260x190/1642277.png,Johnny Furphy
https://cdn.nba.com/headshots/nba/latest/260x190/1629655.png,Daniel Gafford
https://cdn.nba.com/headshots/nba/latest/260x190/1629636.png,Darius Garland
https://cdn.nba.com/headshots/nba/latest/260x190/1630568.png,Luka Garza
https://cdn.nba.com/headshots/nba/latest/260x190/1641718.png,Keyonte George
https://cdn.nba.com/headshots/nba/latest/260x190/1642273.png,Kyshawn George
https://cdn.nba.com/headshots/nba/latest/260x190/202331.png,Paul George
https://cdn.nba.com/headshots/nba/latest/260x190/201959.png,Taj Gibson
https://cdn.nba.com/headshots/nba/latest/260x190/1630581.png,Josh Giddey
https://cdn.nba.com/headshots/nba/latest/260x190/1628983.png,Shai Gilgeous-Alexander
https://cdn.nba.com/headshots/nba/latest/260x190/1630264.png,Anthony Gill
https://cdn.nba.com/headshots/nba/latest/260x190/1631221.png,Collin Gillespie
https://cdn.nba.com/headshots/nba/latest/260x190/203497.png,Rudy Gobert
https://cdn.nba.com/headshots/nba/latest/260x190/203932.png,Aaron Gordon
https://cdn.nba.com/headshots/nba/latest/260x190/201569.png,Eric Gordon
https://cdn.nba.com/headshots/nba/latest/260x190/1641789.png,Jazian Gortman
https://cdn.nba.com/headshots/nba/latest/260x190/203924.png,Jerami Grant
https://cdn.nba.com/headshots/nba/latest/260x190/1631260.png,AJ Green
https://cdn.nba.com/headshots/nba/latest/260x190/203110.png,Draymond Green
https://cdn.nba.com/headshots/nba/latest/260x190/1630224.png,Jalen Green
https://cdn.nba.com/headshots/nba/latest/260x190/1629750.png,Javonte Green
https://cdn.nba.com/headshots/nba/latest/260x190/201145.png,Jeff Green
https://cdn.nba.com/headshots/nba/latest/260x190/1630182.png,Josh Green
https://cdn.nba.com/headshots/nba/latest/260x190/1629656.png,Quentin Grimes
https://cdn.nba.com/headshots/nba/latest/260x190/1631243.png,Mouhamed Gueye
https://cdn.nba.com/headshots/nba/latest/260x190/1629060.png,Rui Hachimura
https://cdn.nba.com/headshots/nba/latest/260x190/1630169.png,Tyrese Haliburton
https://cdn.nba.com/headshots/nba/latest/260x190/1641790.png,PJ Hall
https://cdn.nba.com/headshots/nba/latest/260x190/203501.png,Tim Hardaway Jr.
https://cdn.nba.com/headshots/nba/latest/260x190/201935.png,James Harden
https://cdn.nba.com/headshots/nba/latest/260x190/1630702.png,Jaden Hardy
https://cdn.nba.com/headshots/nba/latest/260x190/203914.png,Gary Harris
https://cdn.nba.com/headshots/nba/latest/260x190/202699.png,Tobias Harris
https://cdn.nba.com/headshots/nba/latest/260x190/1628404.png,Josh Hart
https://cdn.nba.com/headshots/nba/latest/260x190/1628392.png,Isaiah Hartenstein
https://cdn.nba.com/headshots/nba/latest/260x190/1630573.png,Sam Hauser
https://cdn.nba.com/headshots/nba/latest/260x190/1641722.png,Jordan Hawkins
https://cdn.nba.com/headshots/nba/latest/260x190/1629637.png,Jaxson Hayes
https://cdn.nba.com/headshots/nba/latest/260x190/1630703.png,Scoot Henderson
https://cdn.nba.com/headshots/nba/latest/260x190/1641707.png,Taylor Hendricks
https://cdn.nba.com/headshots/nba/latest/260x190/1629639.png,Tyler Herro
https://cdn.nba.com/headshots/nba/latest/260x190/1627741.png,Buddy Hield
https://cdn.nba.com/headshots/nba/latest/260x190/1629312.png,Haywood Highsmith
https://cdn.nba.com/headshots/nba/latest/260x190/1628988.png,Aaron Holiday
https://cdn.nba.com/headshots/nba/latest/260x190/201950.png,Jrue Holiday
https://cdn.nba.com/headshots/nba/latest/260x190/1641842.png,Ronald Holland II
https://cdn.nba.com/headshots/nba/latest/260x190/1626158.png,Richaun Holmes
https://cdn.nba.com/headshots/nba/latest/260x190/1641747.png,DaRon Holmes II
https://cdn.nba.com/headshots/nba/latest/260x190/1631096.png,Chet Holmgren
https://cdn.nba.com/headshots/nba/latest/260x190/1641720.png,Jalen Hood-Schifino
https://cdn.nba.com/headshots/nba/latest/260x190/201143.png,Al Horford
https://cdn.nba.com/headshots/nba/latest/260x190/1629659.png,Talen Horton-Tucker
https://cdn.nba.com/headshots/nba/latest/260x190/1631216.png,Caleb Houstan
https://cdn.nba.com/headshots/nba/latest/260x190/1641724.png,Jett Howard
https://cdn.nba.com/headshots/nba/latest/260x190/1628989.png,Kevin Huerter
https://cdn.nba.com/headshots/nba/latest/260x190/1630643.png,Jay Huff
https://cdn.nba.com/headshots/nba/latest/260x190/1630574.png,Ariel Hukporti
https://cdn.nba.com/headshots/nba/latest/260x190/1629631.png,De'Andre Hunter
https://cdn.nba.com/headshots/nba/latest/260x190/1630538.png,Bones Hyland
https://cdn.nba.com/headshots/nba/latest/260x190/1642345.png,Oso Ighodaro
https://cdn.nba.com/headshots/nba/latest/260x190/204060.png,Joe Ingles
https://cdn.nba.com/headshots/nba/latest/260x190/1627742.png,Brandon Ingram
https://cdn.nba.com/headshots/nba/latest/260x190/1631127.png,Harrison Ingram
https://cdn.nba.com/headshots/nba/latest/260x190/202681.png,Kyrie Irving
https://cdn.nba.com/headshots/nba/latest/260x190/1628371.png,Jonathan Isaac
https://cdn.nba.com/headshots/nba/latest/260x190/1631093.png,Jaden Ivey
https://cdn.nba.com/headshots/nba/latest/260x190/1641713.png,GG Jackson
https://cdn.nba.com/headshots/nba/latest/260x190/1630543.png,Isaiah Jackson
https://cdn.nba.com/headshots/nba/latest/260x190/1631245.png,Quenton Jackson
https://cdn.nba.com/headshots/nba/latest/260x190/202704.png,Reggie Jackson
https://cdn.nba.com/headshots/nba/latest/260x190/1641748.png,Andre Jackson Jr.
https://cdn.nba.com/headshots/nba/latest/260x190/1628991.png,Jaren Jackson Jr.
https://cdn.nba.com/headshots/nba/latest/260x190/1631218.png,Trayce Jackson-Davis
https://cdn.nba.com/headshots/nba/latest/260x190/1642355.png,Bronny James
https://cdn.nba.com/headshots/nba/latest/260x190/2544.png,LeBron James
https://cdn.nba.com/headshots/nba/latest/260x190/1631170.png,Jaime Jaquez Jr.
https://cdn.nba.com/headshots/nba/latest/260x190/1629610.png,DaQuan Jeffries
https://cdn.nba.com/headshots/nba/latest/260x190/1641998.png,Trey Jemison III
https://cdn.nba.com/headshots/nba/latest/260x190/1642450.png,Daniss Jenkins
https://cdn.nba.com/headshots/nba/latest/260x190/1629660.png,Ty Jerome
https://cdn.nba.com/headshots/nba/latest/260x190/1630198.png,Isaiah Joe
https://cdn.nba.com/headshots/nba/latest/260x190/1642358.png,AJ Johnson
https://cdn.nba.com/headshots/nba/latest/260x190/1629661.png,Cameron Johnson
https://cdn.nba.com/headshots/nba/latest/260x190/1630552.png,Jalen Johnson
https://cdn.nba.com/headshots/nba/latest/260x190/201949.png,James Johnson
https://cdn.nba.com/headshots/nba/latest/260x190/1629640.png,Keldon Johnson
https://cdn.nba.com/headshots/nba/latest/260x190/1630553.png,Keon Johnson
https://cdn.nba.com/headshots/nba/latest/260x190/1642352.png,Keshad Johnson
https://cdn.nba.com/headshots/nba/latest/260x190/203999.png,Nikola Jokić
https://cdn.nba.com/headshots/nba/latest/260x190/1641732.png,Colby Jones
https://cdn.nba.com/headshots/nba/latest/260x190/1641794.png,Dillon Jones
https://cdn.nba.com/headshots/nba/latest/260x190/1630529.png,Herbert Jones
https://cdn.nba.com/headshots/nba/latest/260x190/1642403.png,Isaac Jones
https://cdn.nba.com/headshots/nba/latest/260x190/1630539.png,Kai Jones
https://cdn.nba.com/headshots/nba/latest/260x190/1630222.png,Mason Jones
https://cdn.nba.com/headshots/nba/latest/260x190/1642461.png,Spencer Jones
https://cdn.nba.com/headshots/nba/latest/260x190/1630200.png,Tre Jones
https://cdn.nba.com/headshots/nba/latest/260x190/1626145.png,Tyus Jones
https://cdn.nba.com/headshots/nba/latest/260x190/1642357.png,David Jones Garcia
https://cdn.nba.com/headshots/nba/latest/260x190/1627884.png,Derrick Jones Jr.
https://cdn.nba.com/headshots/nba/latest/260x190/201599.png,DeAndre Jordan
https://cdn.nba.com/headshots/nba/latest/260x190/202709.png,Cory Joseph
https://cdn.nba.com/headshots/nba/latest/260x190/1631107.png,Nikola Jović
https://cdn.nba.com/headshots/nba/latest/260x190/1630548.png,Johnny Juzang
https://cdn.nba.com/headshots/nba/latest/260x190/1642530.png,Yuki Kawamura
https://cdn.nba.com/headshots/nba/latest/260x190/1628379.png,Luke Kennard
https://cdn.nba.com/headshots/nba/latest/260x190/1631117.png,Walker Kessler
https://cdn.nba.com/headshots/nba/latest/260x190/1630557.png,Corey Kispert
https://cdn.nba.com/headshots/nba/latest/260x190/1628467.png,Maxi Kleber
https://cdn.nba.com/headshots/nba/latest/260x190/1641752.png,Bobi Klintman
https://cdn.nba.com/headshots/nba/latest/260x190/1642261.png,Dalton Knecht
https://cdn.nba.com/headshots/nba/latest/260x190/1642278.png,Tyler Kolek
https://cdn.nba.com/headshots/nba/latest/260x190/1631132.png,Christian Koloko
https://cdn.nba.com/headshots/nba/latest/260x190/1629723.png,John Konchar
https://cdn.nba.com/headshots/nba/latest/260x190/1628436.png,Luke Kornet
https://cdn.nba.com/headshots/nba/latest/260x190/1630249.png,Vít Krejčí
https://cdn.nba.com/headshots/nba/latest/260x190/1630228.png,Jonathan Kuminga
https://cdn.nba.com/headshots/nba/latest/260x190/1628398.png,Kyle Kuzma
https://cdn.nba.com/headshots/nba/latest/260x190/1629111.png,Jock Landale
https://cdn.nba.com/headshots/nba/latest/260x190/1631222.png,Jake LaRavia
https://cdn.nba.com/headshots/nba/latest/260x190/1641796.png,Pelle Larsson
https://cdn.nba.com/headshots/nba/latest/260x190/203897.png,Zach LaVine
https://cdn.nba.com/headshots/nba/latest/260x190/1627814.png,Damion Lee
https://cdn.nba.com/headshots/nba/latest/260x190/203458.png,Alex Len
https://cdn.nba.com/headshots/nba/latest/260x190/202695.png,Kawhi Leonard
https://cdn.nba.com/headshots/nba/latest/260x190/1642502.png,Malevy Leons
https://cdn.nba.com/headshots/nba/latest/260x190/1627747.png,Caris LeVert
https://cdn.nba.com/headshots/nba/latest/260x190/1641721.png,Maxwell Lewis
https://cdn.nba.com/headshots/nba/latest/260x190/1630604.png,E.J. Liddell
https://cdn.nba.com/headshots/nba/latest/260x190/203081.png,Damian Lillard
https://cdn.nba.com/headshots/nba/latest/260x190/1641726.png,Dereck Lively II
https://cdn.nba.com/headshots/nba/latest/260x190/1641753.png,Chris Livingston
https://cdn.nba.com/headshots/nba/latest/260x190/1626172.png,Kevon Looney
https://cdn.nba.com/headshots/nba/latest/260x190/201572.png,Brook Lopez
https://cdn.nba.com/headshots/nba/latest/260x190/201567.png,Kevin Love
https://cdn.nba.com/headshots/nba/latest/260x190/200768.png,Kyle Lowry
https://cdn.nba.com/headshots/nba/latest/260x190/1641754.png,Seth Lundy
https://cdn.nba.com/headshots/nba/latest/260x190/1626168.png,Trey Lyles
https://cdn.nba.com/headshots/nba/latest/260x190/1630572.png,Sandro Mamukelashvili
https://cdn.nba.com/headshots/nba/latest/260x190/1629611.png,Terance Mann
https://cdn.nba.com/headshots/nba/latest/260x190/1630544.png,Tre Mann
https://cdn.nba.com/headshots/nba/latest/260x190/1628374.png,Lauri Markkanen
https://cdn.nba.com/headshots/nba/latest/260x190/1630230.png,Naji Marshall
https://cdn.nba.com/headshots/nba/latest/260x190/1628997.png,Caleb Martin
https://cdn.nba.com/headshots/nba/latest/260x190/1628998.png,Cody Martin
https://cdn.nba.com/headshots/nba/latest/260x190/1641798.png,Jaylen Martin
https://cdn.nba.com/headshots/nba/latest/260x190/1630231.png,KJ Martin
https://cdn.nba.com/headshots/nba/latest/260x190/1631213.png,Tyrese Martin
https://cdn.nba.com/headshots/nba/latest/260x190/1629726.png,Garrison Mathews
https://cdn.nba.com/headshots/nba/latest/260x190/1631097.png,Bennedict Mathurin
https://cdn.nba.com/headshots/nba/latest/260x190/1631255.png,Karlo Matković
https://cdn.nba.com/headshots/nba/latest/260x190/1630178.png,Tyrese Maxey
https://cdn.nba.com/headshots/nba/latest/260x190/1630540.png,Miles McBride
https://cdn.nba.com/headshots/nba/latest/260x190/1642272.png,Jared McCain
https://cdn.nba.com/headshots/nba/latest/260x190/1630644.png,Mac McClung
https://cdn.nba.com/headshots/nba/latest/260x190/203468.png,CJ McCollum
https://cdn.nba.com/headshots/nba/latest/260x190/204456.png,T.J. McConnell
https://cdn.nba.com/headshots/nba/latest/260x190/1641755.png,Kevin McCullar Jr.
https://cdn.nba.com/headshots/nba/latest/260x190/1630183.png,Jaden McDaniels
https://cdn.nba.com/headshots/nba/latest/260x190/203926.png,Doug McDermott
https://cdn.nba.com/headshots/nba/latest/260x190/1631121.png,Bryce McGowens
https://cdn.nba.com/headshots/nba/latest/260x190/1629162.png,Jordan McLaughlin
https://cdn.nba.com/headshots/nba/latest/260x190/1629098.png,Jack McVeigh
https://cdn.nba.com/headshots/nba/latest/260x190/1629001.png,De'Anthony Melton
https://cdn.nba.com/headshots/nba/latest/260x190/1630241.png,Sam Merrill
https://cdn.nba.com/headshots/nba/latest/260x190/203995.png,Vasilije Micić
https://cdn.nba.com/headshots/nba/latest/260x190/203114.png,Khris Middleton
https://cdn.nba.com/headshots/nba/latest/260x190/1641706.png,Brandon Miller
https://cdn.nba.com/headshots/nba/latest/260x190/1641757.png,Jordan Miller
https://cdn.nba.com/headshots/nba/latest/260x190/1631159.png,Leonard Miller
https://cdn.nba.com/headshots/nba/latest/260x190/201988.png,Patty Mills
https://cdn.nba.com/headshots/nba/latest/260x190/1629003.png,Shake Milton
https://cdn.nba.com/headshots/nba/latest/260x190/1631303.png,Justin Minaya
https://cdn.nba.com/headshots/nba/latest/260x190/1642434.png,Riley Minix
https://cdn.nba.com/headshots/nba/latest/260x190/1631169.png,Josh Minott
https://cdn.nba.com/headshots/nba/latest/260x190/1642274.png,Yves Missi
https://cdn.nba.com/headshots/nba/latest/260x190/1642349.png,Ajay Mitchell
https://cdn.nba.com/headshots/nba/latest/260x190/1630558.png,Davion Mitchell
https://cdn.nba.com/headshots/nba/latest/260x190/1628378.png,Donovan Mitchell
https://cdn.nba.com/headshots/nba/latest/260x190/1630596.png,Evan Mobley
https://cdn.nba.com/headshots/nba/latest/260x190/1642367.png,Jonathan Mogbo
https://cdn.nba.com/headshots/nba/latest/260x190/1628370.png,Malik Monk
https://cdn.nba.com/headshots/nba/latest/260x190/1630541.png,Moses Moody
https://cdn.nba.com/headshots/nba/latest/260x190/1631386.png,Taze Moore
https://cdn.nba.com/headshots/nba/latest/260x190/1631111.png,Wendell Moore Jr.
https://cdn.nba.com/headshots/nba/latest/260x190/1629630.png,Ja Morant
https://cdn.nba.com/headshots/nba/latest/260x190/202693.png,Markieff Morris
https://cdn.nba.com/headshots/nba/latest/260x190/1628420.png,Monté Morris
https://cdn.nba.com/headshots/nba/latest/260x190/1630530.png,Trey Murphy III
https://cdn.nba.com/headshots/nba/latest/260x190/1627749.png,Dejounte Murray
https://cdn.nba.com/headshots/nba/latest/260x190/1627750.png,Jamal Murray
https://cdn.nba.com/headshots/nba/latest/260x190/1631099.png,Keegan Murray
https://cdn.nba.com/headshots/nba/latest/260x190/1631200.png,Kris Murray
https://cdn.nba.com/headshots/nba/latest/260x190/1629004.png,Svi Mykhailiuk
https://cdn.nba.com/headshots/nba/latest/260x190/1631250.png,Pete Nance
https://cdn.nba.com/headshots/nba/latest/260x190/1626204.png,Larry Nance Jr.
https://cdn.nba.com/headshots/nba/latest/260x190/1629614.png,Andrew Nembhard
https://cdn.nba.com/headshots/nba/latest/260x190/1630174.png,Aaron Nesmith
https://cdn.nba.com/headshots/nba/latest/260x190/1641803.png,Tristen Newton
https://cdn.nba.com/headshots/nba/latest/260x190/1627777.png,Georges Niang
https://cdn.nba.com/headshots/nba/latest/260x190/1630227.png,Daishen Nix
https://cdn.nba.com/headshots/nba/latest/260x190/1630192.png,Zeke Nnaji
https://cdn.nba.com/headshots/nba/latest/260x190/1629669.png,Jaylen Nowell
https://cdn.nba.com/headshots/nba/latest/260x190/203994.png,Jusuf Nurkić
https://cdn.nba.com/headshots/nba/latest/260x190/1629006.png,Josh Okogie
https://cdn.nba.com/headshots/nba/latest/260x190/1630168.png,Onyeka Okongwu
https://cdn.nba.com/headshots/nba/latest/260x190/1630171.png,Isaac Okoro
https://cdn.nba.com/headshots/nba/latest/260x190/1642439.png,Quincy Olivari
https://cdn.nba.com/headshots/nba/latest/260x190/203482.png,Kelly Olynyk
https://cdn.nba.com/headshots/nba/latest/260x190/1626220.png,Royce O'Neale
https://cdn.nba.com/headshots/nba/latest/260x190/1626162.png,Kelly Oubre Jr.
https://cdn.nba.com/headshots/nba/latest/260x190/101108.png,Chris Paul
https://cdn.nba.com/headshots/nba/latest/260x190/1626166.png,Cameron Payne
https://cdn.nba.com/headshots/nba/latest/260x190/203901.png,Elfrid Payton
https://cdn.nba.com/headshots/nba/latest/260x190/1627780.png,Gary Payton II
https://cdn.nba.com/headshots/nba/latest/260x190/1641809.png,Drew Peterson
https://cdn.nba.com/headshots/nba/latest/260x190/1641763.png,Julian Phillips
https://cdn.nba.com/headshots/nba/latest/260x190/1629618.png,Jalen Pickett
https://cdn.nba.com/headshots/nba/latest/260x190/1630590.png,Scotty Pippen Jr.
https://cdn.nba.com/headshots/nba/latest/260x190/203486.png,Mason Plumlee
https://cdn.nba.com/headshots/nba/latest/260x190/1641764.png,Brandin Podziemski
https://cdn.nba.com/headshots/nba/latest/260x190/1627751.png,Jakob Poeltl
https://cdn.nba.com/headshots/nba/latest/260x190/1629673.png,Jordan Poole
https://cdn.nba.com/headshots/nba/latest/260x190/1641854.png,Craig Porter Jr.
https://cdn.nba.com/headshots/nba/latest/260x190/1629645.png,Kevin Porter Jr.
https://cdn.nba.com/headshots/nba/latest/260x190/1629008.png,Michael Porter Jr.
https://cdn.nba.com/headshots/nba/latest/260x190/1626171.png,Bobby Portis
https://cdn.nba.com/headshots/nba/latest/260x190/204001.png,Kristaps Porziņģis
https://cdn.nba.com/headshots/nba/latest/260x190/1642366.png,Quinten Post
https://cdn.nba.com/headshots/nba/latest/260x190/1630695.png,Micah Potter
https://cdn.nba.com/headshots/nba/latest/260x190/203939.png,Dwight Powell
https://cdn.nba.com/headshots/nba/latest/260x190/1626181.png,Norman Powell
https://cdn.nba.com/headshots/nba/latest/260x190/1627752.png,Taurean Prince
https://cdn.nba.com/headshots/nba/latest/260x190/1630202.png,Payton Pritchard
https://cdn.nba.com/headshots/nba/latest/260x190/1641765.png,Olivier-Maxence Prosper
https://cdn.nba.com/headshots/nba/latest/260x190/1630243.png,Trevelin Queen
https://cdn.nba.com/headshots/nba/latest/260x190/1629674.png,Neemias Queta
https://cdn.nba.com/headshots/nba/latest/260x190/1630193.png,Immanuel Quickley
https://cdn.nba.com/headshots/nba/latest/260x190/1631311.png,Lester Quinones
https://cdn.nba.com/headshots/nba/latest/260x190/203944.png,Julius Randle
https://cdn.nba.com/headshots/nba/latest/260x190/1641871.png,Duop Reath
https://cdn.nba.com/headshots/nba/latest/260x190/1630559.png,Austin Reaves
https://cdn.nba.com/headshots/nba/latest/260x190/1629629.png,Cam Reddish
https://cdn.nba.com/headshots/nba/latest/260x190/1630194.png,Paul Reed
https://cdn.nba.com/headshots/nba/latest/260x190/1642024.png,Alex Reese
https://cdn.nba.com/headshots/nba/latest/260x190/1641810.png,Antonio Reeves
https://cdn.nba.com/headshots/nba/latest/260x190/1629675.png,Naz Reid
https://cdn.nba.com/headshots/nba/latest/260x190/1631197.png,Jared Rhoden
https://cdn.nba.com/headshots/nba/latest/260x190/1630208.png,Nick Richards
https://cdn.nba.com/headshots/nba/latest/260x190/1626196.png,Josh Richardson
https://cdn.nba.com/headshots/nba/latest/260x190/1642258.png,Zaccharie Risacher
https://cdn.nba.com/headshots/nba/latest/260x190/1641857.png,Liam Robbins
https://cdn.nba.com/headshots/nba/latest/260x190/1629130.png,Duncan Robinson
https://cdn.nba.com/headshots/nba/latest/260x190/1629011.png,Mitchell Robinson
https://cdn.nba.com/headshots/nba/latest/260x190/1631115.png,Orlando Robinson
https://cdn.nba.com/headshots/nba/latest/260x190/1630526.png,Jeremiah Robinson-Earl
https://cdn.nba.com/headshots/nba/latest/260x190/1631223.png,David Roddy
https://cdn.nba.com/headshots/nba/latest/260x190/1631157.png,Ryan Rollins
https://cdn.nba.com/headshots/nba/latest/260x190/1626179.png,Terry Rozier
https://cdn.nba.com/headshots/nba/latest/260x190/1641712.png,Rayan Rupert
https://cdn.nba.com/headshots/nba/latest/260x190/1626156.png,D'Angelo Russell
https://cdn.nba.com/headshots/nba/latest/260x190/1630346.png,Matt Ryan
https://cdn.nba.com/headshots/nba/latest/260x190/1627734.png,Domantas Sabonis
https://cdn.nba.com/headshots/nba/latest/260x190/1642275.png,Tidjane Salaün
https://cdn.nba.com/headshots/nba/latest/260x190/1641766.png,Adama Sanogo
https://cdn.nba.com/headshots/nba/latest/260x190/1630611.png,Gui Santos
https://cdn.nba.com/headshots/nba/latest/260x190/203967.png,Dario Šarić
https://cdn.nba.com/headshots/nba/latest/260x190/1642259.png,Alexandre Sarr
https://cdn.nba.com/headshots/nba/latest/260x190/1631204.png,Marcus Sasser
https://cdn.nba.com/headshots/nba/latest/260x190/1631248.png,Baylor Scheierman
https://cdn.nba.com/headshots/nba/latest/260x190/203471.png,Dennis Schröder
https://cdn.nba.com/headshots/nba/latest/260x190/1630578.png,Alperen Sengun
https://cdn.nba.com/headshots/nba/latest/260x190/1641729.png,Brice Sensabaugh
https://cdn.nba.com/headshots/nba/latest/260x190/1629012.png,Collin Sexton
https://cdn.nba.com/headshots/nba/latest/260x190/1630545.png,Terrence Shannon Jr.
https://cdn.nba.com/headshots/nba/latest/260x190/1630549.png,Day'Ron Sharpe
https://cdn.nba.com/headshots/nba/latest/260x190/1631101.png,Shaedon Sharpe
https://cdn.nba.com/headshots/nba/latest/260x190/1642347.png,Jamal Shead
https://cdn.nba.com/headshots/nba/latest/260x190/1641767.png,Ben Sheppard
https://cdn.nba.com/headshots/nba/latest/260x190/1642263.png,Reed Sheppard
https://cdn.nba.com/headshots/nba/latest/260x190/1627783.png,Pascal Siakam
https://cdn.nba.com/headshots/nba/latest/260x190/1627732.png,Ben Simmons
https://cdn.nba.com/headshots/nba/latest/260x190/1629014.png,Anfernee Simons
https://cdn.nba.com/headshots/nba/latest/260x190/1642354.png,KJ Simpson
https://cdn.nba.com/headshots/nba/latest/260x190/1630579.png,Jericho Sims
https://cdn.nba.com/headshots/nba/latest/260x190/203935.png,Marcus Smart
https://cdn.nba.com/headshots/nba/latest/260x190/1630696.png,Dru Smith
https://cdn.nba.com/headshots/nba/latest/260x190/1630188.png,Jalen Smith
https://cdn.nba.com/headshots/nba/latest/260x190/1641890.png,Tyler Smith
https://cdn.nba.com/headshots/nba/latest/260x190/1631095.png,Jabari Smith Jr.
https://cdn.nba.com/headshots/nba/latest/260x190/1641733.png,Nick Smith Jr.
https://cdn.nba.com/headshots/nba/latest/260x190/1631110.png,Jeremy Sochan
https://cdn.nba.com/headshots/nba/latest/260x190/1642285.png,Cam Spencer
https://cdn.nba.com/headshots/nba/latest/260x190/1630311.png,Pat Spencer
https://cdn.nba.com/headshots/nba/latest/260x190/1630531.png,Jaden Springer
https://cdn.nba.com/headshots/nba/latest/260x190/1630569.png,DJ Steward
https://cdn.nba.com/headshots/nba/latest/260x190/1630191.png,Isaiah Stewart
https://cdn.nba.com/headshots/nba/latest/260x190/1631124.png,Julian Strawther
https://cdn.nba.com/headshots/nba/latest/260x190/1629622.png,Max Strus
https://cdn.nba.com/headshots/nba/latest/260x190/1630591.png,Jalen Suggs
https://cdn.nba.com/headshots/nba/latest/260x190/1631306.png,Cole Swider
https://cdn.nba.com/headshots/nba/latest/260x190/1630256.png,Jae'Sean Tate
https://cdn.nba.com/headshots/nba/latest/260x190/1628369.png,Jayson Tatum
https://cdn.nba.com/headshots/nba/latest/260x190/202066.png,Garrett Temple
https://cdn.nba.com/headshots/nba/latest/260x190/1631207.png,Dalen Terry
https://cdn.nba.com/headshots/nba/latest/260x190/1628464.png,Daniel Theis
https://cdn.nba.com/headshots/nba/latest/260x190/1630560.png,Cam Thomas
https://cdn.nba.com/headshots/nba/latest/260x190/1641708.png,Amen Thompson
https://cdn.nba.com/headshots/nba/latest/260x190/1641709.png,Ausar Thompson
https://cdn.nba.com/headshots/nba/latest/260x190/202691.png,Klay Thompson
https://cdn.nba.com/headshots/nba/latest/260x190/202684.png,Tristan Thompson
https://cdn.nba.com/headshots/nba/latest/260x190/1630550.png,JT Thor
https://cdn.nba.com/headshots/nba/latest/260x190/1629680.png,Matisse Thybulle
https://cdn.nba.com/headshots/nba/latest/260x190/1630214.png,Xavier Tillman
https://cdn.nba.com/headshots/nba/latest/260x190/1642260.png,Nikola Topić
https://cdn.nba.com/headshots/nba/latest/260x190/1631210.png,Jacob Toppin
https://cdn.nba.com/headshots/nba/latest/260x190/1630167.png,Obi Toppin
https://cdn.nba.com/headshots/nba/latest/260x190/1626157.png,Karl-Anthony Towns
https://cdn.nba.com/headshots/nba/latest/260x190/1642422.png,Armel Traore
https://cdn.nba.com/headshots/nba/latest/260x190/1631247.png,Luke Travers
https://cdn.nba.com/headshots/nba/latest/260x190/1629018.png,Gary Trent Jr.
https://cdn.nba.com/headshots/nba/latest/260x190/1631131.png,Oscar Tshiebwe
https://cdn.nba.com/headshots/nba/latest/260x190/200782.png,P.J. Tucker
https://cdn.nba.com/headshots/nba/latest/260x190/1626167.png,Myles Turner
https://cdn.nba.com/headshots/nba/latest/260x190/1641816.png,Hunter Tyson
https://cdn.nba.com/headshots/nba/latest/260x190/1642281.png,Jaylon Tyson
https://cdn.nba.com/headshots/nba/latest/260x190/1630649.png,Stanley Umude
https://cdn.nba.com/headshots/nba/latest/260x190/202685.png,Jonas Valančiūnas
https://cdn.nba.com/headshots/nba/latest/260x190/1629020.png,Jarred Vanderbilt
https://cdn.nba.com/headshots/nba/latest/260x190/1627832.png,Fred VanVleet
https://cdn.nba.com/headshots/nba/latest/260x190/1630170.png,Devin Vassell
https://cdn.nba.com/headshots/nba/latest/260x190/1629216.png,Gabe Vincent
https://cdn.nba.com/headshots/nba/latest/260x190/202696.png,Nikola Vučević
https://cdn.nba.com/headshots/nba/latest/260x190/1641774.png,Tristan Vukcevic
https://cdn.nba.com/headshots/nba/latest/260x190/1629731.png,Dean Wade
https://cdn.nba.com/headshots/nba/latest/260x190/1630532.png,Franz Wagner
https://cdn.nba.com/headshots/nba/latest/260x190/1629021.png,Moritz Wagner
https://cdn.nba.com/headshots/nba/latest/260x190/1631133.png,Jabari Walker
https://cdn.nba.com/headshots/nba/latest/260x190/1641716.png,Jarace Walker
https://cdn.nba.com/headshots/nba/latest/260x190/1641717.png,Cason Wallace
https://cdn.nba.com/headshots/nba/latest/260x190/1630811.png,Keaton Wallace
https://cdn.nba.com/headshots/nba/latest/260x190/1641775.png,Jordan Walsh
https://cdn.nba.com/headshots/nba/latest/260x190/1642266.png,Ja'Kobe Walter
https://cdn.nba.com/headshots/nba/latest/260x190/1642276.png,Kel'el Ware
https://cdn.nba.com/headshots/nba/latest/260x190/1629023.png,P.J. Washington
https://cdn.nba.com/headshots/nba/latest/260x190/1631102.png,TyTy Washington Jr.
https://cdn.nba.com/headshots/nba/latest/260x190/1630322.png,Lindy Waters III
https://cdn.nba.com/headshots/nba/latest/260x190/1630570.png,Trendon Watford
https://cdn.nba.com/headshots/nba/latest/260x190/1641817.png,Anton Watson
https://cdn.nba.com/headshots/nba/latest/260x190/1631212.png,Peyton Watson
https://cdn.nba.com/headshots/nba/latest/260x190/1642377.png,Jaylen Wells
https://cdn.nba.com/headshots/nba/latest/260x190/1641705.png,Victor Wembanyama
https://cdn.nba.com/headshots/nba/latest/260x190/1631104.png,Blake Wesley
https://cdn.nba.com/headshots/nba/latest/260x190/201566.png,Russell Westbrook
https://cdn.nba.com/headshots/nba/latest/260x190/1629632.png,Coby White
https://cdn.nba.com/headshots/nba/latest/260x190/1628401.png,Derrick White
https://cdn.nba.com/headshots/nba/latest/260x190/1641727.png,Dariq Whitehead
https://cdn.nba.com/headshots/nba/latest/260x190/1641715.png,Cam Whitmore
https://cdn.nba.com/headshots/nba/latest/260x190/1630598.png,Aaron Wiggins
https://cdn.nba.com/headshots/nba/latest/260x190/203952.png,Andrew Wiggins
https://cdn.nba.com/headshots/nba/latest/260x190/1631214.png,Alondes Williams
https://cdn.nba.com/headshots/nba/latest/260x190/1630314.png,Brandon Williams
https://cdn.nba.com/headshots/nba/latest/260x190/1642262.png,Cody Williams
https://cdn.nba.com/headshots/nba/latest/260x190/1629684.png,Grant Williams
https://cdn.nba.com/headshots/nba/latest/260x190/1631114.png,Jalen Williams
https://cdn.nba.com/headshots/nba/latest/260x190/1631119.png,Jaylin Williams
https://cdn.nba.com/headshots/nba/latest/260x190/1629026.png,Kenrich Williams
https://cdn.nba.com/headshots/nba/latest/260x190/1631109.png,Mark Williams
https://cdn.nba.com/headshots/nba/latest/260x190/1631466.png,Nate Williams
https://cdn.nba.com/headshots/nba/latest/260x190/1630172.png,Patrick Williams
https://cdn.nba.com/headshots/nba/latest/260x190/1630533.png,Ziaire Williams
https://cdn.nba.com/headshots/nba/latest/260x190/1629057.png,Robert Williams III
https://cdn.nba.com/headshots/nba/latest/260x190/1631246.png,Vince Williams Jr.
https://cdn.nba.com/headshots/nba/latest/260x190/1629627.png,Zion Williamson
https://cdn.nba.com/headshots/nba/latest/260x190/1630592.png,Jalen Wilson
https://cdn.nba.com/headshots/nba/latest/260x190/1630164.png,James Wiseman
https://cdn.nba.com/headshots/nba/latest/260x190/1631209.png,Isaiah Wong
https://cdn.nba.com/headshots/nba/latest/260x190/1626174.png,Christian Wood
https://cdn.nba.com/headshots/nba/latest/260x190/1626153.png,Delon Wright
https://cdn.nba.com/headshots/nba/latest/260x190/1627824.png,Guerschon Yabusele
https://cdn.nba.com/headshots/nba/latest/260x190/1642385.png,Cui Yongxi
https://cdn.nba.com/headshots/nba/latest/260x190/1629027.png,Trae Young
https://cdn.nba.com/headshots/nba/latest/260x190/203469.png,Cody Zeller
https://cdn.nba.com/headshots/nba/latest/260x190/1627826.png,Ivica Zubac
